nets/normal_1000.onnx.gz,specs/normal_1000_1.vnnlib,120
nets/normal_1000.onnx.gz,specs/normal_1000_1001.vnnlib,120
nets/lognormal_1000.onnx.gz,specs/lognormal_1000_1.vnnlib,120
nets/lognormal_1000.onnx.gz,specs/lognormal_1000_1001.vnnlib,120
nets/piecewise_1000.onnx.gz,specs/piecewise_1000_1.vnnlib,120
nets/piecewise_1000.onnx.gz,specs/piecewise_1000_1001.vnnlib,120
nets/normal_100.onnx.gz,specs/normal_100_1.vnnlib,360
nets/normal_100.onnx.gz,specs/normal_100_101.vnnlib,360
nets/lognormal_100.onnx.gz,specs/lognormal_100_1.vnnlib,360
nets/lognormal_100.onnx.gz,specs/lognormal_100_101.vnnlib,360
nets/piecewise_100.onnx.gz,specs/piecewise_100_1.vnnlib,360
nets/piecewise_100.onnx.gz,specs/piecewise_100_101.vnnlib,360
nets/normal_1000.onnx.gz,specs/normal_1000_1_2_4_5_6_7_15_16_17_19_21_22_23_25_26_27_28_29_30_31_32_33_34_35_36_37_38_39_40_41_42_43_44_45_46_47_48_49_50_51_52_53_54_55_56_57_58_59_60_61.vnnlib,120
nets/normal_1000.onnx.gz,specs/normal_1000_62_63_64_65_66_67_68_69_70_71_72_73_74_75_76_77_78_79_80_81_82_83_84_85_86_87_88_89_90_91_92_93_94_95_96_97_98_99_100_101_102_103_104_105_106_107_108_109_110_111.vnnlib,120
nets/normal_1000.onnx.gz,specs/normal_1000_112_113_114_115_116_117_118_119_120_121_122_123_124_125_126_127_128_129_130_131_132_133_134_135_136_137_138_139_140_141_142_143_144_145_146_147_148_149_150_151_152_153_154_155_156_157_158_159_160_161.vnnlib,120
nets/normal_1000.onnx.gz,specs/normal_1000_162_163_164_165_166_167_168_169_170_171_172_173_174_175_176_177_178_179_180_181_182_183_184_185_186_187_188_189_190_191_192_193_194_195_196_197_198_199_200_201_202_203_204_205_206_207_208_209_210_211.vnnlib,120
nets/normal_1000.onnx.gz,specs/normal_1000_212_213_214_215_216_217_218_219_220_221_222_223_224_225_226_227_228_229_230_231_232_233_234_235_236_237_238_239_240_241_242_243_244_245_246_247_248_249_250_251_252_253_254_255_256_257_258_259_260_261.vnnlib,120
nets/normal_1000.onnx.gz,specs/normal_1000_262_263_264_265_266_267_268_269_270_272_273_274_275_276_277_278_279_281_282_283_284_285_286_287_288_289_290_291_292_293_294_295_296_297_298_299_300_301_302_303_304_305_306_307_308_309_310_311_312_313.vnnlib,120
nets/normal_1000.onnx.gz,specs/normal_1000_314_315_316_317_318_319_321_322_323_324_325_326_327_328_329_330_331_332_333_334_335_336_337_338_339_340_341_342_343_344_345_346_352_353_354_355_356_357_358_359_360_361_362_363_364_365_366_367_368_369.vnnlib,120
nets/normal_1000.onnx.gz,specs/normal_1000_370_371_372_373_374_375_376_377_378_379_380_381_382_383_384_385_386_387_388_389_390_391_392_393_394_395_396_397_398_399_400_401_402_403_404_405_406_407_408_409_410_411_412_413_414_415_416_417_418_419.vnnlib,120
nets/normal_1000.onnx.gz,specs/normal_1000_420_421_422_423_424_425_426_427_428_429_430_431_432_433_434_435_436_437_438_439_440_441_442_443_444_445_446_447_448_449_450_451_452_453_454_455_456_457_458_459_460_461_462_463_464_465_466_467_468_469.vnnlib,120
nets/normal_1000.onnx.gz,specs/normal_1000_470_471_472_473_474_475_476_477_478_479_480_481_482_483_484_485_486_487_497_498_499_500_501_508_509_510_511_512_515_516_517_518_519_520_521_522_523_524_525_527_528_529_530_531_532_534_535_565_566_567.vnnlib,120
nets/lognormal_1000.onnx.gz,specs/lognormal_1000_1_3_4_6_7_8_9_10_11_12_13_14_15_16_18_19_21_22_24_26_28_30_32_34_36_37_39_40_41_43_44_46_47_49_50_51_53_54_55_57_58_59_61_62_63_64_66_67_68_71.vnnlib,120
nets/lognormal_1000.onnx.gz,specs/lognormal_1000_72_73_75_76_77_78_80_81_82_83_85_86_87_88_91_92_93_94_96_97_98_99_100_103_104_105_106_109_110_111_112_113_117_118_119_120_121_122_123_127_128_129_130_131_132_133_134_142_143_144.vnnlib,120
nets/lognormal_1000.onnx.gz,specs/lognormal_1000_145_146_147_148_149_150_151_152_153_154_155_156_157_158_176_177_178_179_180_181_182_183_188_189_190_191_193_198_199_200_201_202_207_208_211_212_213_214_217_218_219_222_223_226_227_230_231_232_233_234.vnnlib,120
nets/lognormal_1000.onnx.gz,specs/lognormal_1000_240_241_242_247_248_249_251_252_258_259_260_261_262_268_269_271_272_273_274_275_276_277_278_279_280_281_282_283_284_285_286_287_288_289_290_291_292_299_300_301_302_303_304_305_306_307_308_309_310_311.vnnlib,120
nets/lognormal_1000.onnx.gz,specs/lognormal_1000_312_313_315_321_322_323_324_325_326_327_328_329_331_332_333_334_335_337_342_343_344_345_346_350_351_352_353_354_355_357_358_359_360_361_362_364_365_366_367_368_370_376_378_379_383_385_386_387_388_389.vnnlib,120
nets/lognormal_1000.onnx.gz,specs/lognormal_1000_390_403_404_405_406_408_409_411_413_414_419_430_436_437_438_439_441_445_446_448_449_460_461_464_468_469_470_471_472_474_475_476_477_478_479_492_493_499_503_504_505_507_508_510_512_514_516_519_520_532.vnnlib,120
nets/lognormal_1000.onnx.gz,specs/lognormal_1000_533_535_536_539_541_542_543_544_545_546_548_549_550_551_552_553_554_561_562_563_564_565_566_567_568_570_571_572_573_574_575_576_578_579_580_581_583_584_586_587_588_590_591_592_593_594_595_596_597_598.vnnlib,120
nets/lognormal_1000.onnx.gz,specs/lognormal_1000_600_601_603_604_605_606_607_608_609_610_611_612_613_614_617_618_619_624_625_628_633_638_640_641_642_643_644_645_646_647_652_653_654_655_656_661_662_663_665_666_667_669_671_676_677_678_679_680_685_686.vnnlib,120
nets/lognormal_1000.onnx.gz,specs/lognormal_1000_687_689_690_692_693_695_696_697_700_701_702_706_707_708_709_712_713_714_715_716_721_722_723_724_725_726_727_728_729_730_731_732_733_734_735_736_737_738_740_744_745_746_747_752_753_754_757_758_762_765.vnnlib,120
nets/lognormal_1000.onnx.gz,specs/lognormal_1000_766_768_770_771_774_776_778_780_781_783_786_788_791_793_794_795_796_797_798_800_802_803_805_806_807_808_809_810_811_812_814_815_816_817_818_820_821_822_825_826_827_832_833_834_835_836_855_856_857_858.vnnlib,120
nets/lognormal_1000.onnx.gz,specs/lognormal_1000_862_863_864_865_866_871_872_873_874_875_876_877_878_879_880_881_882_885_886_887_888_890_891_892_893_894_895_896_897_898_913_914_915_916_919_920_921_922_923_924_925_926_927_928_929_930_931_932_933_934.vnnlib,120
nets/piecewise_1000.onnx.gz,specs/piecewise_1000_1_2_3_4_5_6_7_8_9_10_11_12_13_14_15_16_17_18_19_20_21_22_23_25_27_29_31_33_35_37_39_41_43_45_47_49_51_53_55_57_59_60_61_62_63_64_65_66_67_68.vnnlib,120
nets/piecewise_1000.onnx.gz,specs/piecewise_1000_69_70_71_72_73_74_75_76_77_78_79_80_81_82_83_84_85_86_87_88_89_90_91_92_93_94_95_96_101_103_105_107_109_111_113_114_115_116_118_119_121_122_123_124_126_127_128_129_131_132.vnnlib,120
nets/piecewise_1000.onnx.gz,specs/piecewise_1000_134_135_136_137_139_140_141_142_144_145_147_148_149_150_152_153_154_155_157_158_160_161_162_163_165_166_167_168_170_171_173_174_175_176_178_179_180_181_183_184_185_186_187_188_189_191_193_194_195_196.vnnlib,120
nets/piecewise_1000.onnx.gz,specs/piecewise_1000_202_204_206_208_209_210_211_212_213_215_217_218_219_220_221_222_224_226_227_228_229_230_231_233_235_236_237_238_239_240_242_244_245_246_247_248_249_251_253_254_255_256_257_258_260_262_263_264_265_266.vnnlib,120
nets/piecewise_1000.onnx.gz,specs/piecewise_1000_267_269_271_272_273_274_275_276_278_280_281_282_283_284_285_287_289_290_291_292_293_294_296_302_303_304_305_306_307_308_309_310_311_312_313_314_315_316_317_318_319_320_321_322_323_324_325_326_327_329.vnnlib,120
nets/piecewise_1000.onnx.gz,specs/piecewise_1000_331_333_335_337_339_340_341_342_343_344_345_346_347_348_349_350_351_352_353_354_355_356_357_358_360_362_364_366_368_369_370_371_372_373_374_375_376_377_378_379_380_381_382_383_384_385_387_389_391_393.vnnlib,120
nets/piecewise_1000.onnx.gz,specs/piecewise_1000_395_401_402_403_404_405_406_407_408_409_411_413_415_417_418_419_420_421_422_423_424_425_426_427_428_430_432_434_436_437_438_439_440_441_442_443_444_445_446_447_449_451_453_455_456_457_458_459_460_461.vnnlib,120
nets/piecewise_1000.onnx.gz,specs/piecewise_1000_462_463_464_465_466_468_470_472_474_475_476_477_478_479_480_481_482_483_484_485_487_489_491_493_494_495_496_501_503_505_507_508_509_510_511_512_513_514_515_516_517_518_520_522_524_526_527_528_529_530.vnnlib,120
nets/piecewise_1000.onnx.gz,specs/piecewise_1000_531_532_533_534_535_537_539_541_542_543_544_545_546_547_548_550_552_554_555_556_557_558_559_560_561_562_563_565_567_569_570_571_572_573_574_575_576_577_578_580_582_584_585_586_587_588_589_590_591_592.vnnlib,120
nets/piecewise_1000.onnx.gz,specs/piecewise_1000_593_595_601_603_605_607_608_609_610_611_612_613_614_615_616_618_620_622_624_625_626_627_628_629_630_631_632_633_635_637_639_641_642_643_644_645_646_647_648_649_650_651_652_654_656_658_659_660_661_662.vnnlib,120
nets/piecewise_1000.onnx.gz,specs/piecewise_1000_663_664_665_666_667_668_669_671_673_675_676_677_678_679_680_681_682_683_684_685_686_688_690_692_693_694_695_696_701_702_703_704_705_706_707_708_709_710_711_712_713_714_715_716_718_720_721_722_723_725.vnnlib,120
nets/piecewise_1000.onnx.gz,specs/piecewise_1000_726_727_728_729_730_732_733_734_735_736_737_739_740_741_742_744_746_747_748_749_751_753_754_755_756_758_759_760_761_762_763_765_766_767_768_769_770_772_773_774_775_777_779_780_781_782_784_786_787_788.vnnlib,120
nets/piecewise_1000.onnx.gz,specs/piecewise_1000_789_790_791_793_795_801_802_803_804_805_806_807_808_809_810_812_814_815_816_817_818_819_820_821_822_823_825_827_828_829_830_831_832_833_834_835_836_838_840_841_842_843_844_845_846_847_848_849_851_853.vnnlib,120
nets/piecewise_1000.onnx.gz,specs/piecewise_1000_854_855_856_857_858_859_860_862_864_866_867_868_869_870_871_872_873_875_877_879_880_881_882_883_884_885_886_888_890_892_893_894_895_896_901_903_905_906_907_908_909_910_911_912_913_914_916_918_920_921.vnnlib,120
nets/piecewise_1000.onnx.gz,specs/piecewise_1000_922_923_924_925_926_927_928_929_931_933_935_936_937_938_939_940_941_942_943_944_946_948_950_951_952_953_954_955_956_957_958_959_961_963_965_966_967_968_969_970_971_972_973_974_976_978_980_982_983_984.vnnlib,120
nets/normal_100.onnx.gz,specs/normal_100_1_2_3_4_5.vnnlib,420
nets/normal_100.onnx.gz,specs/normal_100_6_7_8_9_10.vnnlib,420
nets/normal_100.onnx.gz,specs/normal_100_11_12_13_14_15.vnnlib,420
nets/normal_100.onnx.gz,specs/normal_100_16_17_18_19_20.vnnlib,420
nets/normal_100.onnx.gz,specs/normal_100_21_22_23_24_25.vnnlib,420
nets/normal_100.onnx.gz,specs/normal_100_26_27_28_29_30.vnnlib,420
nets/normal_100.onnx.gz,specs/normal_100_31_32_33_34_35.vnnlib,420
nets/normal_100.onnx.gz,specs/normal_100_36_37_38_39_40.vnnlib,420
nets/normal_100.onnx.gz,specs/normal_100_41_42_43_44_45.vnnlib,420
nets/normal_100.onnx.gz,specs/normal_100_46_47_48_49_50.vnnlib,420
nets/normal_100.onnx.gz,specs/normal_100_96_97_98_99_100.vnnlib,720
nets/lognormal_100.onnx.gz,specs/lognormal_100_1_2_4_7_8.vnnlib,420
nets/lognormal_100.onnx.gz,specs/lognormal_100_13_14_15_19_20.vnnlib,420
nets/lognormal_100.onnx.gz,specs/lognormal_100_26_27_28_47_48.vnnlib,420
nets/lognormal_100.onnx.gz,specs/lognormal_100_49_50_51_52_53.vnnlib,420
nets/lognormal_100.onnx.gz,specs/lognormal_100_54_55_72_73_74.vnnlib,420
nets/piecewise_100.onnx.gz,specs/piecewise_100_1_3_5_7_9.vnnlib,600
nets/piecewise_100.onnx.gz,specs/piecewise_100_11_13_15_16_18.vnnlib,600
nets/piecewise_100.onnx.gz,specs/piecewise_100_21_18_21_23_25.vnnlib,600
nets/piecewise_100.onnx.gz,specs/piecewise_100_27_28_31_33_35.vnnlib,600
nets/piecewise_100.onnx.gz,specs/piecewise_100_36_37_38_39_41.vnnlib,600
nets/piecewise_100.onnx.gz,specs/piecewise_100_43_45_47_49_51.vnnlib,600
nets/piecewise_100.onnx.gz,specs/piecewise_100_53_55_57_59_61.vnnlib,600
nets/piecewise_100.onnx.gz,specs/piecewise_100_63_64_66_68_71.vnnlib,600
nets/piecewise_100.onnx.gz,specs/piecewise_100_73_75_77_78_81.vnnlib,600
nets/piecewise_100.onnx.gz,specs/piecewise_100_83_84_85_86_88.vnnlib,600
nets/piecewise_100.onnx.gz,specs/piecewise_100_91_93_95_97_98.vnnlib,600
